{
    "Event": {
        "Name": "RR_event_18"
    },
    "Model": {
        "Type": "PSPL"
    },
    "FitParameters": {
        "Parameters": {
            "t0": [
                0,
                [
                    1846916.4069414507,
                    3078194.011569084
                ]
            ],
            "u0": [
                1,
                [
                    -1.0,
                    1.0
                ]
            ],
            "tE": [
                2,
                [
                    0,
                    2000
                ]
            ],
            "piEN": [
                3,
                [
                    -0.5,
                    0.5
                ]
            ],
            "piEE": [
                4,
                [
                    -0.5,
                    0.5
                ]
            ],
            "fsource_Roman_W149": [
                5,
                [
                    0.0,
                    1076.7606230255456
                ]
            ],
            "ftotal_Roman_W149": [
                6,
                [
                    0,
                    1076.7606230255456
                ]
            ],
            "fsource_LSST_g": [
                7,
                [
                    0.0,
                    222.13603513012455
                ]
            ],
            "ftotal_LSST_g": [
                8,
                [
                    0,
                    222.13603513012455
                ]
            ],
            "fsource_LSST_r": [
                9,
                [
                    0.0,
                    786.7832948455035
                ]
            ],
            "ftotal_LSST_r": [
                10,
                [
                    0,
                    786.7832948455035
                ]
            ],
            "fsource_LSST_i": [
                11,
                [
                    0.0,
                    737.894028314315
                ]
            ],
            "ftotal_LSST_i": [
                12,
                [
                    0,
                    737.894028314315
                ]
            ],
            "fsource_LSST_z": [
                13,
                [
                    0.0,
                    949.072445917605
                ]
            ],
            "ftotal_LSST_z": [
                14,
                [
                    0,
                    949.072445917605
                ]
            ],
            "fsource_LSST_y": [
                15,
                [
                    0.0,
                    663.6785402065682
                ]
            ],
            "ftotal_LSST_y": [
                16,
                [
                    0,
                    663.6785402065682
                ]
            ]
        }
    },
    "FitPriors": {
        "Parameters": {
            "t0": [
                0,
                [
                    2460413.7638286077,
                    2463868.4912725613
                ]
            ],
            "u0": [
                1,
                [
                    -1.0,
                    1.0
                ]
            ],
            "tE": [
                2,
                [
                    0.1,
                    500
                ]
            ],
            "piEN": [
                3,
                [
                    -0.5,
                    0.5
                ]
            ],
            "piEE": [
                4,
                [
                    -0.5,
                    0.5
                ]
            ],
            "fsource_Roman_W149": [
                5,
                [
                    0.0,
                    1076.7606230255456
                ]
            ],
            "ftotal_Roman_W149": [
                6,
                [
                    0,
                    1076.7606230255456
                ]
            ],
            "fsource_LSST_g": [
                7,
                [
                    0.0,
                    222.13603513012455
                ]
            ],
            "ftotal_LSST_g": [
                8,
                [
                    0,
                    222.13603513012455
                ]
            ],
            "fsource_LSST_r": [
                9,
                [
                    0.0,
                    786.7832948455035
                ]
            ],
            "ftotal_LSST_r": [
                10,
                [
                    0,
                    786.7832948455035
                ]
            ],
            "fsource_LSST_i": [
                11,
                [
                    0.0,
                    737.894028314315
                ]
            ],
            "ftotal_LSST_i": [
                12,
                [
                    0,
                    737.894028314315
                ]
            ],
            "fsource_LSST_z": [
                13,
                [
                    0.0,
                    949.072445917605
                ]
            ],
            "ftotal_LSST_z": [
                14,
                [
                    0,
                    949.072445917605
                ]
            ],
            "fsource_LSST_y": [
                15,
                [
                    0.0,
                    663.6785402065682
                ]
            ],
            "ftotal_LSST_y": [
                16,
                [
                    0,
                    663.6785402065682
                ]
            ]
        }
    },
    "FitResults": {
        "best_model": [
            2462550.7904388527,
            0.22518940527859288,
            414.4866696624847,
            -0.008139149043643204,
            -0.01099216929033996,
            183.84311314684447,
            428.09938659659997,
            34.348842857964094,
            86.69131655686058,
            137.76207886378356,
            222.23933992843618,
            124.50144149794328,
            321.2441752685184,
            156.70799148543787,
            381.1676747911141,
            178.1758368550578,
            416.04077163226737
        ],
        "chi2": 51791.496882424144,
        "fit_time": 10.107664346694946,